INSERT INTO elections (id, name, date) VALUES
('44444444-4444-4444-4444-444444444444', '2022 National Election', '2022-11-08'),
('55555555-5555-5555-5555-555555555555', '2023 City Council', '2023-06-15'),
('66666666-6666-6666-6666-666666666666', '2024 Presidential Race', '2024-11-05');

INSERT INTO candidates (id, election_id, public_id, party_id) VALUES
('40404040-aaaa-aaaa-aaaa-111111111111', '44444444-4444-4444-4444-444444444444', '77777777-7777-7777-7777-777777777777', '11111111-1111-1111-1111-111111111111'),
('50505050-bbbb-bbbb-bbbb-222222222222', '55555555-5555-5555-5555-555555555555', '88888888-8888-8888-8888-888888888888', '22222222-2222-2222-2222-222222222222'),
('60606060-cccc-cccc-cccc-333333333333', '66666666-6666-6666-6666-666666666666', '99999999-9999-9999-9999-999999999999', '33333333-3333-3333-3333-333333333333');

INSERT INTO public_votes (id, election_id, public_id, candidate_id) VALUES
('70707070-dddd-dddd-dddd-444444444444', '44444444-4444-4444-4444-444444444444', '77777777-7777-7777-7777-777777777777', '40404040-aaaa-aaaa-aaaa-111111111111'),
('80808080-eeee-eeee-eeee-555555555555', '55555555-5555-5555-5555-555555555555', '88888888-8888-8888-8888-888888888888', '50505050-bbbb-bbbb-bbbb-222222222222'),
('90909090-ffff-ffff-ffff-666666666666', '66666666-6666-6666-6666-666666666666', '99999999-9999-9999-9999-999999999999', '60606060-cccc-cccc-cccc-333333333333');

INSERT INTO votes (id, candidate_id) VALUES
('10101010-1010-1010-1010-101010101010', '40404040-aaaa-aaaa-aaaa-111111111111'),
('20202020-2020-2020-2020-202020202020', '50505050-bbbb-bbbb-bbbb-222222222222'),
('30303030-3030-3030-3030-303030303030', '60606060-cccc-cccc-cccc-333333333333');